job_id,text,required_skills,preferred_skills,experience_min,experience_max
J001,"Security Analyst role. Security analyst experienced in vulnerability assessment, incident response, and defending production infrastructure against intrusion.",cybersecurity;network security;penetration testing;wireshark,docker;wireshark,0,2
J002,"Software Engineer role. Experienced software engineer skilled in building and shipping web applications, writing clean maintainable code, and collaborating in agile teams.",docker;git;node.js;react;sql,html;sql;wireshark,2,4
J003,"Data Scientist role. Data scientist with a background in statistical analysis, predictive modelling, and turning raw data into actionable business insight.",machine learning;numpy;pandas;python;statistics,ci/cd;linux,2,4
J004,"Data Scientist role. Data scientist with a background in statistical analysis, predictive modelling, and turning raw data into actionable business insight.",machine learning;numpy;python;sql;statistics,node.js;typescript,0,3
J005,"Security Analyst role. Security analyst experienced in vulnerability assessment, incident response, and defending production infrastructure against intrusion.",cybersecurity;linux;network security;penetration testing;siem;wireshark,cybersecurity;sql,1,6
J006,"Software Engineer role. Experienced software engineer skilled in building and shipping web applications, writing clean maintainable code, and collaborating in agile teams.",docker;git;javascript;python;react;sql,cybersecurity;kubernetes;network security;python;sql;wireshark,1,5
J007,"Cloud/DevOps Engineer role. DevOps engineer focused on cloud infrastructure automation, containerized deployments, and reliable CI/CD pipelines.",aws;bash;ci/cd;docker;kubernetes;terraform,docker;linux;statistics;tailwind;terraform,2,4
J008,"Cloud/DevOps Engineer role. DevOps engineer focused on cloud infrastructure automation, containerized deployments, and reliable CI/CD pipelines.",aws;ci/cd;docker;kubernetes;terraform,numpy;scikit-learn;typescript,1,5
J009,"Frontend Developer role. Frontend developer who builds accessible, responsive, well-tested user interfaces.",css;html;javascript;react;tailwind;typescript,node.js;penetration testing;terraform,0,4
J010,"Data Scientist role. Data scientist with a background in statistical analysis, predictive modelling, and turning raw data into actionable business insight.",machine learning;numpy;pandas;scikit-learn;statistics,pandas,2,4
