resume_id,job_id,human_relevance
R001,J001,0
R001,J002,1
R001,J003,0
R001,J004,0
R001,J005,0
R001,J006,1
R001,J007,0
R001,J008,0
R001,J009,0
R001,J010,1
R002,J001,0
R002,J002,0
R002,J003,0
R002,J004,0
R002,J005,0
R002,J006,0
R002,J007,1
R002,J008,1
R002,J009,0
R002,J010,0
R003,J001,1
R003,J002,0
R003,J003,0
R003,J004,0
R003,J005,1
R003,J006,0
R003,J007,0
R003,J008,0
R003,J009,1
R003,J010,0
R004,J001,0
R004,J002,1
R004,J003,0
R004,J004,0
R004,J005,0
R004,J006,1
R004,J007,0
R004,J008,0
R004,J009,1
R004,J010,0
R005,J001,1
R005,J002,0
R005,J003,1
R005,J004,1
R005,J005,1
R005,J006,0
R005,J007,0
R005,J008,0
R005,J009,0
R005,J010,1
R006,J001,1
R006,J002,0
R006,J003,0
R006,J004,0
R006,J005,1
R006,J006,0
R006,J007,0
R006,J008,0
R006,J009,1
R006,J010,0
R007,J001,0
R007,J002,0
R007,J003,0
R007,J004,0
R007,J005,0
R007,J006,0
R007,J007,1
R007,J008,1
R007,J009,0
R007,J010,0
R008,J001,0
R008,J002,0
R008,J003,1
R008,J004,1
R008,J005,0
R008,J006,1
R008,J007,0
R008,J008,0
R008,J009,0
R008,J010,1
R009,J001,0
R009,J002,0
R009,J003,0
R009,J004,0
R009,J005,0
R009,J006,0
R009,J007,0
R009,J008,0
R009,J009,1
R009,J010,0
R010,J001,1
R010,J002,0
R010,J003,1
R010,J004,1
R010,J005,0
R010,J006,0
R010,J007,0
R010,J008,0
R010,J009,0
R010,J010,1
R011,J001,0
R011,J002,0
R011,J003,1
R011,J004,1
R011,J005,0
R011,J006,0
R011,J007,0
R011,J008,0
R011,J009,0
R011,J010,1
R012,J001,0
R012,J002,0
R012,J003,0
R012,J004,0
R012,J005,0
R012,J006,1
R012,J007,0
R012,J008,0
R012,J009,1
R012,J010,0
R013,J001,0
R013,J002,1
R013,J003,1
R013,J004,1
R013,J005,0
R013,J006,1
R013,J007,0
R013,J008,0
R013,J009,0
R013,J010,1
R014,J001,0
R014,J002,1
R014,J003,0
R014,J004,0
R014,J005,0
R014,J006,1
R014,J007,0
R014,J008,0
R014,J009,0
R014,J010,0
R015,J001,0
R015,J002,0
R015,J003,1
R015,J004,1
R015,J005,0
R015,J006,1
R015,J007,0
R015,J008,0
R015,J009,0
R015,J010,1
R016,J001,0
R016,J002,0
R016,J003,0
R016,J004,0
R016,J005,0
R016,J006,0
R016,J007,0
R016,J008,0
R016,J009,1
R016,J010,0
R017,J001,0
R017,J002,1
R017,J003,0
R017,J004,0
R017,J005,0
R017,J006,1
R017,J007,0
R017,J008,0
R017,J009,0
R017,J010,0
R018,J001,1
R018,J002,0
R018,J003,0
R018,J004,0
R018,J005,1
R018,J006,0
R018,J007,0
R018,J008,0
R018,J009,0
R018,J010,0
R019,J001,0
R019,J002,0
R019,J003,0
R019,J004,0
R019,J005,1
R019,J006,0
R019,J007,1
R019,J008,1
R019,J009,0
R019,J010,0
R020,J001,1
R020,J002,0
R020,J003,0
R020,J004,0
R020,J005,1
R020,J006,0
R020,J007,1
R020,J008,1
R020,J009,0
R020,J010,0
R021,J001,1
R021,J002,0
R021,J003,0
R021,J004,0
R021,J005,0
R021,J006,0
R021,J007,0
R021,J008,0
R021,J009,1
R021,J010,0
R022,J001,0
R022,J002,0
R022,J003,0
R022,J004,0
R022,J005,0
R022,J006,0
R022,J007,1
R022,J008,1
R022,J009,0
R022,J010,0
R023,J001,1
R023,J002,0
R023,J003,0
R023,J004,0
R023,J005,1
R023,J006,0
R023,J007,0
R023,J008,0
R023,J009,0
R023,J010,0
R024,J001,0
R024,J002,0
R024,J003,1
R024,J004,1
R024,J005,0
R024,J006,0
R024,J007,0
R024,J008,0
R024,J009,1
R024,J010,1
R025,J001,0
R025,J002,1
R025,J003,0
R025,J004,1
R025,J005,0
R025,J006,1
R025,J007,1
R025,J008,1
R025,J009,0
R025,J010,0
R026,J001,0
R026,J002,0
R026,J003,1
R026,J004,1
R026,J005,0
R026,J006,1
R026,J007,0
R026,J008,0
R026,J009,0
R026,J010,1
R027,J001,1
R027,J002,0
R027,J003,0
R027,J004,0
R027,J005,0
R027,J006,1
R027,J007,0
R027,J008,0
R027,J009,1
R027,J010,0
R028,J001,1
R028,J002,1
R028,J003,0
R028,J004,0
R028,J005,1
R028,J006,1
R028,J007,0
R028,J008,0
R028,J009,0
R028,J010,0
R029,J001,1
R029,J002,0
R029,J003,0
R029,J004,0
R029,J005,1
R029,J006,0
R029,J007,0
R029,J008,0
R029,J009,0
R029,J010,0
R030,J001,1
R030,J002,0
R030,J003,1
R030,J004,1
R030,J005,0
R030,J006,1
R030,J007,0
R030,J008,0
R030,J009,1
R030,J010,1
