resume_id,text,skills,experience_years
R001,"Experienced software engineer skilled in building and shipping web applications, writing clean maintainable code, and collaborating in agile teams. (Software Engineer background.)",bash;cybersecurity;docker;git;machine learning;node.js;pandas;react;scikit-learn,8
R002,"DevOps engineer focused on cloud infrastructure automation, containerized deployments, and reliable CI/CD pipelines. (Cloud/DevOps Engineer background.)",aws;bash;css;docker;kubernetes;linux;node.js;pandas;terraform,3
R003,"Frontend developer who builds accessible, responsive, well-tested user interfaces. (Frontend Developer background.)",css;html;javascript;linux;machine learning;network security;penetration testing;react;statistics;tailwind;typescript,5
R004,"Experienced software engineer skilled in building and shipping web applications, writing clean maintainable code, and collaborating in agile teams. (Software Engineer background.)",bash;docker;git;html;node.js;react;siem;typescript,8
R005,"Data scientist with a background in statistical analysis, predictive modelling, and turning raw data into actionable business insight. (Data Scientist background.)",docker;machine learning;pandas;penetration testing;scikit-learn;siem;sql;wireshark,1
R006,"Security analyst experienced in vulnerability assessment, incident response, and defending production infrastructure against intrusion. (Security Analyst background.)",aws;css;cybersecurity;git;html;linux;network security;node.js;penetration testing;python;terraform;typescript;wireshark,7
R007,"DevOps engineer focused on cloud infrastructure automation, containerized deployments, and reliable CI/CD pipelines. (Cloud/DevOps Engineer background.)",aws;cybersecurity;docker;javascript;kubernetes;linux;machine learning;pandas;terraform,6
R008,"Data scientist with a background in statistical analysis, predictive modelling, and turning raw data into actionable business insight. (Data Scientist background.)",bash;javascript;numpy;pandas;python;scikit-learn;siem;sql;statistics,4
R009,"Frontend developer who builds accessible, responsive, well-tested user interfaces. (Frontend Developer background.)",aws;css;html;javascript;numpy;pandas;tailwind;typescript,2
R010,"Data scientist with a background in statistical analysis, predictive modelling, and turning raw data into actionable business insight. (Data Scientist background.)",git;machine learning;numpy;pandas;penetration testing;python;scikit-learn;statistics;wireshark,4
R011,"Data scientist with a background in statistical analysis, predictive modelling, and turning raw data into actionable business insight. (Data Scientist background.)",bash;css;cybersecurity;machine learning;numpy;python;scikit-learn;sql;statistics;terraform,2
R012,"Frontend developer who builds accessible, responsive, well-tested user interfaces. (Frontend Developer background.)",css;html;javascript;network security;python;react;tailwind,6
R013,"Data scientist with a background in statistical analysis, predictive modelling, and turning raw data into actionable business insight. (Data Scientist background.)",docker;git;machine learning;numpy;pandas;react;scikit-learn;sql,7
R014,"Experienced software engineer skilled in building and shipping web applications, writing clean maintainable code, and collaborating in agile teams. (Software Engineer background.)",aws;docker;git;linux;python;sql,6
R015,"Data scientist with a background in statistical analysis, predictive modelling, and turning raw data into actionable business insight. (Data Scientist background.)",aws;css;machine learning;numpy;pandas;python;react;scikit-learn;siem;sql;statistics,1
R016,"Frontend developer who builds accessible, responsive, well-tested user interfaces. (Frontend Developer background.)",ci/cd;css;html;linux;react;siem;tailwind;typescript,7
R017,"Experienced software engineer skilled in building and shipping web applications, writing clean maintainable code, and collaborating in agile teams. (Software Engineer background.)",docker;git;javascript;python;sql;wireshark,3
R018,"Security analyst experienced in vulnerability assessment, incident response, and defending production infrastructure against intrusion. (Security Analyst background.)",aws;cybersecurity;linux;network security;node.js;numpy;pandas;penetration testing;react;siem;typescript;wireshark,3
R019,"DevOps engineer focused on cloud infrastructure automation, containerized deployments, and reliable CI/CD pipelines. (Cloud/DevOps Engineer background.)",aws;bash;ci/cd;html;javascript;kubernetes;linux;node.js;pandas;penetration testing;siem,7
R020,"DevOps engineer focused on cloud infrastructure automation, containerized deployments, and reliable CI/CD pipelines. (Cloud/DevOps Engineer background.)",aws;bash;ci/cd;css;cybersecurity;docker;git;kubernetes;linux;terraform;typescript;wireshark,4
R021,"Frontend developer who builds accessible, responsive, well-tested user interfaces. (Frontend Developer background.)",css;cybersecurity;html;javascript;penetration testing;sql;tailwind;typescript,5
R022,"DevOps engineer focused on cloud infrastructure automation, containerized deployments, and reliable CI/CD pipelines. (Cloud/DevOps Engineer background.)",aws;bash;ci/cd;docker;kubernetes;machine learning;sql;terraform;typescript,8
R023,"Security analyst experienced in vulnerability assessment, incident response, and defending production infrastructure against intrusion. (Security Analyst background.)",network security;penetration testing;siem;terraform;wireshark,8
R024,"Frontend developer who builds accessible, responsive, well-tested user interfaces. (Frontend Developer background.)",css;html;javascript;kubernetes;machine learning;numpy;penetration testing;react;scikit-learn;statistics;tailwind,1
R025,"DevOps engineer focused on cloud infrastructure automation, containerized deployments, and reliable CI/CD pipelines. (Cloud/DevOps Engineer background.)",aws;bash;ci/cd;docker;html;kubernetes;linux;node.js;python;sql;statistics;terraform,2
R026,"Data scientist with a background in statistical analysis, predictive modelling, and turning raw data into actionable business insight. (Data Scientist background.)",aws;javascript;python;scikit-learn;sql;statistics,3
R027,"Frontend developer who builds accessible, responsive, well-tested user interfaces. (Frontend Developer background.)",bash;ci/cd;cybersecurity;git;html;javascript;react;tailwind;typescript;wireshark,3
R028,"Security analyst experienced in vulnerability assessment, incident response, and defending production infrastructure against intrusion. (Security Analyst background.)",cybersecurity;git;javascript;network security;node.js;penetration testing;react;siem;statistics;terraform;wireshark,8
R029,"Security analyst experienced in vulnerability assessment, incident response, and defending production infrastructure against intrusion. (Security Analyst background.)",cybersecurity;linux;machine learning;network security;penetration testing;siem;wireshark,3
R030,"Data scientist with a background in statistical analysis, predictive modelling, and turning raw data into actionable business insight. (Data Scientist background.)",bash;css;cybersecurity;javascript;kubernetes;pandas;penetration testing;python;scikit-learn;sql;typescript,6
